Kích thước (n),Naive (s),Strassen (s),Strassen Hybrid (s),Speedup Strassen/Naive,Speedup Strassen_Hybrid/Naive
32,0.000146,0.018524,0.000060,0.01,2.45
64,0.000491,0.065350,0.000271,0.01,1.81
128,0.002930,0.342678,0.001939,0.01,1.51
256,0.022431,2.278910,0.014758,0.01,1.52
512,0.206427,17.079857,0.109607,0.01,1.88
1024,6.330126,117.260052,0.811743,0.05,7.80
