Kích thước (n),Naive (s),Strassen (s),NumPy (s),Speedup Strassen/Naive,Speedup NumPy/Naive
32,0.0020633999999214816,0.0020729000001059226,1.4433333186995393e-05,0.995417048490542,142.96074047404585
64,0.01684249999986302,0.017225666666490724,2.6266666888356365e-05,0.9777560616929223,641.2119235169902
128,0.14393013333331814,0.12416229999992841,0.0003310000001874869,1.1592096258961144,434.83423943139707
256,1.2843598000002505,0.9439712333329832,0.0006845666669808755,1.3605920971398884,1876.1646775245795
512,,6.199290366666598,0.002005766666419125,,
1024,,49.25673359999988,0.01576276666673948,,
