Kích thước (n),Naive (s),Strassen (s),Strassen Hybrid (s),NumPy (s),Speedup Strassen/Naive,Speedup Strassen_Hybrid/Naive,Speedup NumPy/Naive
32,0.002181198666827792,0.04758101600024626,0.0019457123332055442,2.0413333307563637e-05,0.05x,1.1210283399058718,106.85166572083574
64,0.016653136332934082,0.31382670033326576,0.016467460999895895,5.55260006270449e-05,0.05x,1.011275286034645,299.91600592287
128,0.16181080433307216,2.1437399596667697,0.1681368733331207,0.00020865800009535937,0.08x,0.962375480912417,775.4833471955187
256,2.3615238493336315,17.13219536899972,0.9383379519998319,0.0013263443333926261,0.14x,2.516709298926507,1780.4756953973958
512,20.80470034166653,120.63992001966653,7.364555210333492,0.008970498999891182,0.17x,2.8249771707155715,2319.2355678228046
1024,158.7584603113331,856.3101147849999,51.983111649333296,0.0689303653331687,0.19x,3.054039192233873,2303.171607229824
