Kích thước (n),Naive (s),Strassen (s),Strassen Hybrid (s),NumPy (s),Speedup Strassen/Naive,Speedup Strassen_Hybrid/Naive,Speedup NumPy/Naive
32,0.0023856333342943494,0.046682999999878426,0.002152066666894825,1.3766666597803123e-05,0.05x,1.1085313345503989,173.29055783736692
64,0.01931473333388567,0.3129538666665515,0.022810466665760032,3.0433333449764177e-05,0.06x,0.8467487148291586,634.6571717412486
128,0.1473739999995208,2.1832814666662066,0.12725766666759833,0.0003665333339692249,0.07x,1.1580756103635552,402.0752994102706
256,1.3354980000003707,15.355615800000427,0.9726936000000327,0.0005702000004627431,0.09x,1.3729893976893914,2342.157135946253
512,,111.0912154000004,6.454287866667073,0.0025191999999757777,    —     ,,
1024,,827.5762802999985,108.4027030999993,0.028740733333203632,    —     ,,
